{"cameraMode":{"drawMode":0,"name":"Shaded","section":"Shading Mode"},"sceneLighting":false,"audioPlay":false,"sceneViewState":{"m_AlwaysRefresh":false,"showFog":true,"showSkybox":false,"showFlares":true,"showImageEffects":true,"showParticleSystems":true,"showVisualEffectGraphs":true,"m_FxEnabled":true},"in2DMode":false,"pivot":{"x":50.627864837646487,"y":-150.8948516845703,"z":-0.019336819648742677},"rotation":{"x":-0.00630479771643877,"y":0.04408172518014908,"z":-0.0002506838645786047,"w":-0.9990219473838806},"size":4.762086868286133,"orthographic":false}